<?xml version="1.0" encoding="UTF-8"?>
<beans xmlns="http://www.springframework.org/schema/beans" xmlns:xsi="http://www.w3.org/2001/XMLSchema-instance"
        xmlns:p="http://www.springframework.org/schema/p"
        xmlns:context="http://www.springframework.org/schema/context"
        xmlns:oxm="http://www.springframework.org/schema/oxm" 
        xmlns:mvc="http://www.springframework.org/schema/mvc" 
        xsi:schemaLocation="http://www.springframework.org/schema/beans http://www.springframework.org/schema/beans/spring-beans-3.0.xsd
                http://www.springframework.org/schema/context http://www.springframework.org/schema/context/spring-context-3.0.xsd
                http://www.springframework.org/schema/oxm http://www.springframework.org/schema/oxm/spring-oxm-3.0.xsd 
                http://www.springframework.org/schema/mvc http://www.springframework.org/schema/mvc/spring-mvc-3.1.xsd"
                >

    <context:component-scan base-package="egovframework">
        <context:include-filter type="annotation" expression="org.springframework.stereotype.Controller"/>
        <context:exclude-filter type="annotation" expression="org.springframework.stereotype.Service"/>
        <context:exclude-filter type="annotation" expression="org.springframework.stereotype.Repository"/>
    </context:component-scan>
    
    <bean class="org.springframework.web.servlet.mvc.annotation.AnnotationMethodHandlerAdapter">
        <property name="webBindingInitializer">
            <bean class="egovframework.example.cmmn.web.EgovBindingInitializer"/>
        </property>
    </bean>
    <bean class="org.springframework.web.servlet.mvc.annotation.DefaultAnnotationHandlerMapping"/>
    
    <bean class="org.springframework.web.servlet.handler.SimpleMappingExceptionResolver">
        <property name="defaultErrorView" value="cmmn/egovError"/>
        <property name="exceptionMappings">
            <props>
                <prop key="org.springframework.dao.DataAccessException">cmmn/dataAccessFailure</prop>
                <prop key="org.springframework.transaction.TransactionException">cmmn/transactionFailure</prop>
                <prop key="egovframework.rte.fdl.cmmn.exception.EgovBizException">cmmn/egovBizException</prop>
                <prop key="org.springframework.security.AccessDeniedException">cmmn/accessDenied</prop>
            </props>
        </property>
    </bean>
    
    <bean class="org.springframework.web.servlet.view.UrlBasedViewResolver" p:order="1" 
	    p:viewClass="org.springframework.web.servlet.view.JstlView" 
	    p:prefix="/WEB-INF/jsp/egovframework/example/" p:suffix=".jsp"/>

    <!--
    <bean id="messageSource" class="org.springframework.context.support.ResourceBundleMessageSource" p:basename="messages"/>
    -->
   
    <!-- For Pagination Tag -->
    <bean id="imageRenderer" class="egovframework.example.cmmn.web.EgovImgPaginationRenderer"/>

    <bean id="paginationManager" class="egovframework.rte.ptl.mvc.tags.ui.pagination.DefaultPaginationManager">
        <property name="rendererType">
            <map>
                <entry key="image" value-ref="imageRenderer"/> 
            </map>
        </property>
    </bean>
	<!-- /For Pagination Tag -->
	
	
	
<bean class="org.springframework.web.servlet.view.ContentNegotiatingViewResolver">
    <!-- 마샬링 대상 확장자 및 타입 정의 -->
    <property name="mediaTypes">
        <map>
            <entry key="xml" value="application/xml" />
            <entry key="json" value="application/json" />
        </map>
    </property>
                 
    <!-- 마샬링 빈 등록 -->
    <property name="defaultViews">
        <list>
            <bean class="org.springframework.web.servlet.view.xml.MarshallingView">
                <property name="marshaller" ref="marshaller" />
            </bean>
                 
            <bean class="org.springframework.web.servlet.view.json.MappingJacksonJsonView">
                <property name="prefixJson" value="false"/>
            </bean>
        </list>
    </property>
</bean>

<!-- 요즘 방식
<oxm:jaxb2-marshaller id="marshaller">
    <oxm:class-to-be-bound name="egovframework.example.map.service.MapVO" />
</oxm:jaxb2-marshaller>
 -->
 
    <!-- oxm:jaxb2-marshaller 에서 사용했던 것과 동일한 효과(예전 방식)  -->
     <bean id="marshaller" class="org.springframework.oxm.jaxb.Jaxb2Marshaller"> 
         <property name="classesToBeBound"> 
             <list> 
                 <value>egovframework.example.map.service.MapVO</value> 
             </list> 
         </property> 
     </bean> 
     
     
     <!-- Excel CSV Write View -->
    <bean id="excelCsvWriteView" class="egovframework.example.util.ExcelCsvWriteView" />
    <bean id="csvView" class="egovframework.example.util.CsvViewImpl" />

     <!-- 공통적으로 사용할 Excel View 20160929 -->
  	<bean name="cmmExelView" class="egovframework.example.util.CmmExcelView"/>
  	 <!-- 공통적으로 사용할 File Download View 20161005 -->
  	<bean id="fileDownloadView" class="egovframework.example.util.FileDownloadView" />
     

<mvc:annotation-driven>
	<mvc:message-converters>
		<bean  class="org.springframework.http.converter.json.MappingJacksonHttpMessageConverter">
		     <property name="supportedMediaTypes"  value="text/plain;charset=UTF-8" />
		</bean>
	</mvc:message-converters>
</mvc:annotation-driven>
	
</beans>