<?xml version="1.0" encoding="UTF-8"?>
<beans xmlns="http://www.springframework.org/schema/beans" xmlns:xsi="http://www.w3.org/2001/XMLSchema-instance"
		xsi:schemaLocation="http://www.springframework.org/schema/beans http://www.springframework.org/schema/beans/spring-beans-3.0.xsd">

	<bean class="org.springframework.web.servlet.mvc.SimpleControllerHandlerAdapter"/>		
	<bean class="org.springframework.web.servlet.handler.SimpleUrlHandlerMapping">
		<property name="mappings">
			<props>
                <prop key="/cmmn/validator.do">urlFilenameViewController</prop>
			</props>
		</property>
	</bean>
	
	<bean id="urlFilenameViewController" class="org.springframework.web.servlet.mvc.UrlFilenameViewController"/>
		
</beans>
