<?xml version="1.0" encoding="UTF-8"?>
<beans xmlns="http://www.springframework.org/schema/beans" xmlns:xsi="http://www.w3.org/2001/XMLSchema-instance"
	xmlns:jdbc="http://www.springframework.org/schema/jdbc"
	xsi:schemaLocation="http://www.springframework.org/schema/beans http://www.springframework.org/schema/beans/spring-beans-3.0.xsd
						http://www.springframework.org/schema/jdbc  http://www.springframework.org/schema/jdbc/spring-jdbc-3.0.xsd">
	
	<jdbc:embedded-database id="dataSource" type="HSQL">
		<jdbc:script location= "classpath:/db/sampledb.sql"/>
	</jdbc:embedded-database>
	
	<!-- hsql  
 	<bean id="dataSource" class="org.apache.commons.dbcp.BasicDataSource" destroy-method="close">
		<property name="driverClassName" value="net.sf.log4jdbc.DriverSpy"/>
		<property name="url" value="jdbc:log4jdbc:hsqldb:hsql://localhost/sampledb"/>
		<property name="username" value="sa"/>
	</bean>
	-->
	<!-- mysql 
    <bean id="dataSource" class="org.apache.commons.dbcp.BasicDataSource" destroy-method="close">
        <property name="driverClassName" value="com.mysql.jdbc.Driver"/>
        <property name="url" value="jdbc:mysql://db2:1621/rte"/>
        <property name="username" value="rte"/>
        <property name="password" value="rte01"/>
    </bean>
    -->
    <!-- oracle
    <bean id="dataSource" class="org.apache.commons.dbcp.BasicDataSource" destroy-method="close">
        <property name="driverClassName" value="oracle.jdbc.driver.OracleDriver"/>
        <property name="url" value="jdbc:oracle:thin:@db1:1521:egovfrm"/>
        <property name="username" value="rte"/>
        <property name="password" value="rte01"/>
    </bean>
    -->
</beans>
